,Fold,MSE,RMSE,R2
0,1,19360.05029326702,139.14039777601263,0.829487681388855
1,2,19609.440443787134,140.03371181178886,0.8294066786766052
2,3,19766.164574256807,140.5921924370511,0.8278064131736755
3,4,20000.20492033183,141.4220807382349,0.8256499171257019
4,5,20131.633403897737,141.88598734158964,0.823805570602417
