,Fold,MSE,RMSE,R2
0,1,19334.666015625,139.0491485595703,0.8298097848892212
1,2,19657.36328125,140.2047119140625,0.8287684917449951
2,3,19702.849609375,140.36683654785156,0.8284522294998169
3,4,20077.921875,141.6965789794922,0.8248744010925293
4,5,19956.43359375,141.26724243164062,0.8256064653396606
